Wilsonland;Emily Corner;13401;Young Burgs;13401;Michael Road;13401;Gilbert Drive;12466;Jennifer Vista;12466
New Tommybury;Elizabeth Mountain;09488;Zachary Cape;09488;Holloway Circles;09488;Castillo Knoll;35425;Diana Flats;35425
Mcdowelltown;Adam Divide;93563;Sandoval Expressway;93563;Charles Parks;93563;Charles Forge;19407;Sharon Trail;19407
New Donaldport;Williams Harbor;87321;Gregory Drives;87321;Blevins Drives;87321;Williams Lights;46322;Peterson Viaduct;46322
Alvarezfort;Scott Tunnel;68555;Phillips Crossing;68555;Robert Trafficway;68555;Sheila Cove;64097;Roth Shoals;64097
Daniellestad;Jacqueline Valleys;21101;Stanton Vista;21101;Leon Mission;21101;Christian Forest;06757;Lara Forges;06757
Port Sarahmouth;Landry Circles;77175;Gates Spurs;77175;Herring Courts;77175;Lee Mount;66104;Lori Lake;66104
New Pamela;Thompson Prairie;27142;Brown Knoll;27142;Victor Trail;27142;Cook Curve;06801;Sara Ville;06801
Lake Marktown;Danielle Trace;19935;Bill Lock;19935;Clark View;19935;Mayer Harbors;70950;Henderson Spur;70950
Port Amanda;Ramirez Locks;74549;Fox Squares;74549;Hill Hills;74549;Williams Wells;58245;Kimberly Expressway;58245
Parkerland;Foster Meadow;89996;Lopez Road;89996;Moore Ramp;89996;Rios Key;27510;April Port;27510
Larafort;Laurie Stream;61828;Anthony Underpass;61828;Brown Dam;61828;Baird Terrace;99191;Evans Spur;99191
Annaport;William Summit;37074;Amanda Rapids;37074;Matthew Isle;37074;Ellis Corner;69611;Madison Glens;69611
Derricktown;Johnson Cape;27856;Vicki Path;27856;Hamilton Passage;27856;Megan Inlet;34766;Blankenship Forges;34766
Williamtown;Huffman Forks;21804;Porter Spring;21804;Natalie Road;21804;Dustin Villages;32388;Robin Throughway;32388
Castanedamouth;Jeanette Points;74710;Williams Cliff;74710;Hines Springs;74710;Mercado Rapids;80711;Lee Road;80711
West Shelby;Lawrence Center;04412;Shaffer Village;04412;Simmons Junctions;04412;Todd Throughway;85801;Heather Underpass;85801
Port Joanshire;Perry Club;84311;Jason Flat;84311;Warren Curve;84311;Curtis Causeway;79127;Ward Stream;79127
Keithchester;Young Branch;41493;Martinez Rapid;41493;Michelle Place;41493;Medina Islands;38895;Massey Groves;38895
South Victoria;Natalie Plains;91683;Allen Mills;91683;Flowers Stream;91683;Michael Streets;77356;Moreno Throughway;77356
Claytonhaven;Ramsey Unions;96973;Montgomery Station;96973;Flowers Crossroad;96973;Kristen Oval;13183;Lindsey Glens;13183
Lake Chad;Frye Station;68945;Sullivan Walk;68945;Catherine Spring;68945;Flores Mills;69296;Amber Mountain;69296
North Jamesmouth;Nicholas Square;26662;Johnson Shore;26662;Guzman Cape;26662;Lindsay Green;56074;Morgan Ramp;56074
Espinozaburgh;Compton Branch;38393;Browning Squares;38393;Howe Ridge;38393;Eric Walks;25968;Lawson Mall;25968
Alexandrachester;Green Ports;65191;Wright Heights;65191;Tara Loop;65191;Austin Ports;71957;Fuller Ford;71957
Hardintown;Chan Stravenue;94537;Chad Gardens;94537;Reeves Oval;94537;Chan Freeway;91267;Collier Islands;91267
Shafferland;Aguirre Burg;66176;Douglas Lane;66176;Thompson Dam;66176;Davis Plains;44522;Joseph Tunnel;44522
Heathfort;Wiggins Expressway;09142;Hall Gateway;09142;Joseph Drives;09142;Thomas Lock;29057;Ann Drive;29057
West Jennifer;Frazier Path;45889;Danielle Ville;45889;Andres Lake;45889;Young Track;01952;Henderson Manor;01952
Sherryshire;Katherine Trail;76022;Torres Ramp;76022;Andrew Square;76022;Sandra Mission;75471;Randall Fords;75471
South Peterchester;Melissa Ridge;09984;Buchanan Summit;09984;Linda Passage;09984;Johnson Grove;88953;Michael Circle;88953
Jessicatown;Robert Orchard;04488;Ware Fort;04488;Johnston Hill;04488;Sean Extensions;35018;Robert Streets;35018
Alexatown;Flowers Islands;82871;Roberta Squares;82871;Denise Roads;82871;Knapp Manors;21791;Lucas River;21791
Mollyland;Hudson Isle;69637;Dominique Lodge;69637;Warren Lodge;69637;Angela Path;43913;Diana Courts;43913
Davishaven;Dana Cliffs;84593;Nixon Village;84593;Baker Ways;84593;Bryce Rapids;59569;Michael Ramp;59569
North Linda;Haynes Fall;75657;Joseph Village;75657;Collins River;75657;Elaine Row;44725;Rodgers Corners;44725
North Kimberly;Carlos Burgs;39508;Montgomery Roads;39508;Lynch Brook;39508;Bryant Forge;10817;Holland Knoll;10817
Kellyville;David Mission;47467;Cole Grove;47467;Anthony Junction;47467;George Parkway;98931;Craig Villages;98931
South Robinborough;Claudia Ports;30550;Jackson Meadows;30550;Rios Light;30550;Moran Lights;40501;Green Knolls;40501
Lake Elizabeth;Jensen Gateway;39205;Eric Roads;39205;Brown Manor;39205;Delacruz Keys;84059;William Flat;84059
Jakefurt;Stewart Points;50891;Nelson Mission;50891;Susan Roads;50891;Scott Turnpike;41829;Richard Lakes;41829
Ronaldfurt;Leonard Glens;93945;Shawn Knolls;93945;William Way;93945;Bryan Port;60038;Joel Hollow;60038
Robertview;Mark Mills;41628;Colleen Valleys;41628;Jennifer Points;41628;Thompson Mission;34632;Hayes Expressway;34632
Garrisonton;Danielle Terrace;28274;Anderson River;28274;Jaime Vista;28274;Watson Highway;24182;Schroeder Center;24182
New Beth;Moyer Court;21332;Danny Drive;21332;David Land;21332;Natalie Brooks;11155;Dennis Lane;11155
Chloechester;Walters Mission;30699;Lee Ford;30699;Mccoy Locks;30699;Joyce Pine;65228;Scott Valley;65228
East Logan;Benjamin Junctions;67757;Carr Motorway;67757;Samuel Trace;67757;Reid Path;14359;Taylor Lock;14359
Timothyton;Smith Walk;04092;Heather Pines;04092;Brandi Path;04092;Cox Wells;64642;Debra Alley;64642
New Amandabury;Paul Parkways;73293;Jonathan Hills;73293;Charles Ridge;73293;Cook Wall;45315;Alvarez Route;45315
South Robertmouth;Jared Flats;36218;Desiree Loop;36218;Taylor Groves;36218;Gross Wells;77211;Candace Lodge;77211
Jacksonland;Blackwell Freeway;76731;Jeremy Court;76731;Smith Route;76731;Blankenship Unions;72239;Jacob Divide;72239
West Cristianside;Christopher Mission;04648;Richard Locks;04648;Jessica Shore;04648;Brown Manor;71808;Wallace Fork;71808
Lanemouth;Hodge Roads;75631;Barker Port;75631;Freeman Wall;75631;Henry Mountain;43055;Duane Turnpike;43055
West Robertport;Shaw Radial;35710;Davis Prairie;35710;Timothy Islands;35710;Schmidt Courts;71207;John Fords;71207
North Raymondfurt;Love Walk;12997;Warner Flat;12997;Kathryn Run;12997;Cox Passage;85845;Williams Mountain;85845
South Anthonyville;White Pike;94374;Trujillo Viaduct;94374;Kelly Trafficway;94374;Wesley Vista;10596;Matthew Court;10596
Lawrencefort;Myers Unions;37374;Jones Fork;37374;April Pass;37374;Brewer Tunnel;20415;Green Spurs;20415
Teresabury;Mcgrath Plains;13984;Clayton Corner;13984;Bruce Prairie;13984;Torres Locks;99087;Lisa Field;99087
East John;Heather Bridge;40042;Mills Curve;40042;Ashley Hill;40042;Stewart Mission;83243;Gary Drive;83243
Snydermouth;Dillon Valley;59789;Cooper Forks;59789;Daniel Pine;59789;Lowe Orchard;84055;Clark Ridge;84055
Millerfurt;Price Fields;47519;Martin Prairie;47519;Ryan Glen;47519;Nelson Gateway;52068;Miller Island;52068
Jenniferton;Clifford Brooks;09414;Robbins Forks;09414;Lopez Square;09414;Daniel Throughway;99270;Silva Lakes;99270
Donaldmouth;Susan Manors;58336;Thomas Mission;58336;Michael Points;58336;Laurie Ford;91599;Christina Burg;91599
West Michael;Valerie Freeway;06462;Diana Square;06462;Kristen Common;06462;Rosales Street;83977;Ward Glens;83977
Ginastad;Drake Corner;04666;Mary Place;04666;Chelsea Court;04666;Hampton Mountain;68981;Riley Ville;68981
Lawrencechester;Ewing Spur;80755;Christopher Street;80755;Carlson Course;80755;Mills Meadow;59151;Joy Unions;59151
South Victoria;Baker Creek;40075;Watson Courts;40075;Vance Landing;40075;Pittman Court;58819;Christina Rest;58819
Victorborough;Noah Knoll;44746;Michael Prairie;44746;Fields Walks;44746;Perez Brooks;92713;Victor Ramp;92713
Davidborough;Cooper Meadow;25396;Heather Inlet;25396;Wood Locks;25396;Flores Falls;55620;Joseph Haven;55620
Barbaramouth;Weaver Lake;66791;White Trail;66791;Everett Spurs;66791;Michelle Courts;18580;Sharon View;18580
West Lesliehaven;Daniel Ridges;65069;Nicholson Manors;65069;Kristina Circle;65069;Robert Turnpike;71534;Davenport Green;71534
Maryville;Lopez Unions;38074;Frank Vista;38074;Jones Harbor;38074;Stephanie Harbors;91165;Kayla Turnpike;91165
Longton;Cynthia Vista;45236;Brown Stream;45236;Robinson Locks;45236;Brooke Row;26388;Austin Greens;26388
South Stephenshire;Austin Valleys;09788;Huerta Drive;09788;Donna Fork;09788;Mccullough Wells;31813;Morris Plains;31813
Port David;Dickerson Hill;87561;Alvarado Garden;87561;Tara Glens;87561;Ashley Islands;13360;Armstrong Dam;13360
North Brandonbury;Anthony Lodge;89274;Murphy Key;89274;Lydia Drive;89274;King Plain;46673;Mann Tunnel;46673
Davidmouth;Baird Forges;61311;Baker Circle;61311;Peters Streets;61311;Timothy Lane;36665;Spencer Cape;36665
New Brian;Daniel Island;71575;Jennifer Radial;71575;Baker Roads;71575;Boyle Pine;74925;Fernandez Village;74925
South Michaelhaven;Frank Station;55700;Beltran Dam;55700;Angie Roads;55700;Clifford Rapid;72504;Reed Terrace;72504
New James;Hurst Green;30730;Derrick Run;30730;Andrea Brook;30730;Houston Square;32875;Veronica Manors;32875
Jonesberg;Powers Junctions;35086;Michael Causeway;35086;Farrell Place;35086;Alexandra Shore;72869;Emily Flat;72869
Noahberg;Seth Fork;65676;Robert Harbors;65676;David Dam;65676;Price Isle;67720;Patrick Course;67720
Lake Sarahmouth;Kim Manor;35398;Thompson Highway;35398;Sweeney Pine;35398;Cheryl Cove;15346;Ford Islands;15346
Torreston;Carter Tunnel;35046;Debbie Trafficway;35046;Jasmine Center;35046;Andrew Grove;45580;Lopez Knoll;45580
Lisaville;Melanie Port;98805;Morris Meadows;98805;Kimberly Spring;98805;Yvonne Dam;66106;Hill Parkways;66106
North Denise;Hamilton Gardens;70619;Dickson Mountains;70619;Caleb Row;70619;Daniel Station;73845;Gilbert Harbor;73845
Oconnorland;Delgado Run;95272;Michelle Drive;95272;Shaw Burg;95272;Brown Brooks;61285;Smith Cape;61285
Port Tonyborough;Sheila Island;86606;Bobby Neck;86606;Amber Crossing;86606;Roberts Union;22571;Smith Motorway;22571
East Jasonland;Gallagher Burg;64604;Russell Flats;64604;James Islands;64604;Edwin Station;47157;Butler Hills;47157
Susanland;Kenneth Port;37657;Lee Stravenue;37657;Robert Prairie;37657;Joseph Junctions;49101;Eduardo Harbor;49101
New James;Kayla Wall;81526;Velasquez Cliffs;81526;Ronnie Valleys;81526;Bailey Dam;55584;Emily Summit;55584
Christopherstad;Edward Unions;41290;Arroyo Forge;41290;Nathan Island;41290;Maxwell Fork;94563;Philip Prairie;94563
North Heatherberg;Alexandra Passage;92699;Joshua Harbor;92699;Cross Fields;92699;Brooks Via;14166;Gray Center;14166
South William;Tiffany Flats;77439;Hall Creek;77439;Brian Ville;77439;Laura Station;41179;Tonya Pines;41179
Fernandezchester;Dennis Land;31275;Tapia Crest;31275;Hernandez Station;31275;Elliott Garden;13994;Danielle Mountains;13994
New Joyce;Sutton Hill;74751;Mary Island;74751;Christopher Roads;74751;Reynolds Haven;78873;Jorge Well;78873
Parrishburgh;Anderson Via;38937;Murphy Square;38937;Thomas Tunnel;38937;Harris Spurs;71087;Aaron Oval;71087
Nunezstad;Esparza River;93463;Stewart Mount;93463;Richard Flat;93463;Eric Mountain;10819;Pennington Vista;10819
South Amanda;James Springs;24325;Dana Square;24325;Scott Inlet;24325;Timothy Gardens;83095;Laura Turnpike;83095
Jeremyside;Anderson Island;13966;Haynes Spur;13966;Stephens Keys;13966;Brittany Rest;84635;Kimberly Crossing;84635
